Accuracy	Precision	Recall	F1	MCC
0.9217347956131605	0.593939393939394	0.8949771689497716	0.7140255009107468	0.6897624155994474
