Accuracy	Precision	Recall	F1	MCC
0.9735693803765116	0.8968824940047961	0.8558352402745996	0.8758782201405152	0.8613931681488654
