Accuracy	Precision	Recall	F1	MCC
0.9271028037383178	0.6198347107438017	0.8571428571428571	0.7194244604316546	0.6905561761519741
